id,student_name,agent_id,program_id,stage,stage_entered_date,created_date
AP0001,Layla Nguyen,A001,P008,Visa Issued,2025-07-15,2025-06-23
AP0002,Huy Nguyen,A011,P003,Visa Issued,2026-01-28,2025-12-28
AP0003,Priya Sharma,A002,P001,Shortlisted,2025-12-22,2025-12-13
AP0004,Mai Owusu,A007,P009,Applied,2026-04-25,2026-04-19
AP0005,Adaeze Rahman,A012,P009,Applied,2025-05-31,2025-05-19
AP0006,Adaeze Gupta,A002,P004,Lead,2025-09-11,2025-08-31
AP0007,Vikram Silva,A001,P004,Visa Issued,2025-09-30,2025-09-10
AP0008,Emeka Fernando,A011,P012,Accepted,2026-01-08,2025-12-21
AP0009,Mai Okafor,A001,P010,Visa Applied,2025-05-02,2025-04-10
AP0010,Omar Nguyen,A007,P012,Applied,2025-06-09,2025-05-23
AP0011,Rohan Adeyemi,A011,P003,Applied,2026-02-01,2026-01-06
AP0012,Linh Owusu,A012,P015,Shortlisted,2025-09-22,2025-09-11
AP0013,Arjun Owusu,A004,P002,Visa Applied,2025-07-12,2025-06-26
AP0014,Femi Gupta,A007,P007,Applied,2026-01-13,2025-12-16
AP0015,Anjali Adeyemi,A011,P015,Offer Received,2025-05-30,2025-05-13
AP0016,Minh Karki,A012,P009,Offer Received,2026-04-14,2026-03-18
AP0017,Duc Bhandari,A007,P005,Offer Received,2025-12-10,2025-11-16
AP0018,Chinedu Patel,A002,P006,Shortlisted,2026-05-04,2026-04-10
AP0019,Duc Thapa,A002,P015,Applied,2025-12-10,2025-11-26
AP0020,Emeka Sharma,A011,P009,Visa Applied,2026-05-03,2026-03-29
AP0021,Anjali Nguyen,A005,P015,Offer Received,2025-04-03,2025-03-02
AP0022,Kavya Silva,A009,P004,Visa Issued,2026-02-11,2026-01-15
AP0023,Nadia Mensah,A010,P012,Applied,2026-04-06,2026-03-26
AP0024,Emeka Mensah,A001,P016,Visa Applied,2025-03-28,2025-03-10
AP0025,Arjun Verma,A005,P008,Shortlisted,2025-12-21,2025-12-16
AP0026,Chinedu Ali,A002,P005,Withdrawn,2025-06-19,2025-05-05
AP0027,Ibrahim Owusu,A003,P014,Applied,2025-07-10,2025-06-17
AP0028,Adaeze Adeyemi,A012,P012,Shortlisted,2025-10-30,2025-10-11
AP0029,Amina Nguyen,A004,P011,Shortlisted,2025-04-01,2025-03-11
AP0030,Emeka Karki,A010,P003,Applied,2026-03-24,2026-02-26
AP0031,Priya Karki,A002,P011,Enrolled,2025-05-13,2025-04-06
AP0032,Ahmed Silva,A011,P005,Offer Received,2026-04-02,2026-03-06
AP0033,Sunita Ali,A004,P014,Visa Issued,2025-06-27,2025-06-06
AP0034,Ngozi Le,A006,P015,Applied,2026-03-16,2026-03-09
AP0035,Tariq Nguyen,A001,P011,Offer Received,2026-04-26,2026-04-14
AP0036,Ahmed Adeyemi,A004,P005,Offer Received,2025-10-17,2025-10-03
AP0037,Sandra Khan,A004,P003,Enrolled,2025-11-28,2025-10-13
AP0038,Omar Owusu,A002,P001,Lead,2025-05-11,2025-04-17
AP0039,Omar Karki,A003,P016,Offer Received,2025-07-09,2025-06-18
AP0040,Kavya Patel,A003,P013,Offer Received,2025-08-17,2025-07-14
AP0041,Femi Khan,A005,P016,Offer Received,2025-06-03,2025-05-19
AP0042,Kwame Adeyemi,A001,P002,Accepted,2026-04-09,2026-03-18
AP0043,Priya Patel,A010,P006,Accepted,2025-04-27,2025-03-30
AP0044,Chinedu Rahman,A002,P008,Accepted,2025-10-08,2025-09-23
AP0045,Kavya Bhandari,A004,P002,Offer Received,2026-01-23,2026-01-12
AP0046,Duc Bhandari,A010,P009,Accepted,2025-07-16,2025-06-13
AP0047,Mai Gupta,A004,P005,Shortlisted,2026-03-02,2026-02-07
AP0048,Kwame Khan,A006,P003,Withdrawn,2025-04-12,2025-03-05
AP0049,Vikram Bhandari,A002,P007,Lead,2025-11-23,2025-11-15
AP0050,Minh Verma,A002,P012,Enrolled,2025-08-19,2025-07-24
AP0051,Amina Owusu,A012,P001,Shortlisted,2026-02-25,2026-02-05
AP0052,Kwame Nguyen,A003,P004,Applied,2026-04-08,2026-03-16
AP0053,Minh Silva,A005,P011,Accepted,2025-07-16,2025-06-13
AP0054,Layla Silva,A009,P002,Offer Received,2025-05-16,2025-04-17
AP0055,Duc Silva,A001,P005,Lead,2026-01-29,2026-01-21
AP0056,Linh Khan,A009,P001,Visa Applied,2025-05-14,2025-04-27
AP0057,Kavya Hossain,A009,P012,Lead,2026-01-10,2025-12-24
AP0058,Minh Le,A003,P012,Lead,2026-04-13,2026-04-12
AP0059,Kavya Verma,A004,P004,Visa Applied,2025-10-07,2025-08-29
AP0060,Emeka Le,A010,P008,Visa Issued,2025-07-05,2025-05-23
AP0061,Femi Rahman,A007,P011,Lead,2026-04-18,2026-04-05
AP0062,Femi Karki,A005,P004,Shortlisted,2025-09-16,2025-09-12
AP0063,Omar Ali,A004,P015,Shortlisted,2025-09-08,2025-08-27
AP0064,Nadia Karki,A004,P007,Lead,2025-10-01,2025-09-21
AP0065,Sandra Okafor,A005,P013,Applied,2026-03-06,2026-02-11
AP0066,Anjali Sharma,A002,P009,Enrolled,2025-07-09,2025-05-31
AP0067,Sandra Patel,A002,P012,Accepted,2026-04-15,2026-03-09
AP0068,Anjali Le,A010,P004,Withdrawn,2025-10-26,2025-09-14
AP0069,Fatima Silva,A001,P001,Visa Issued,2026-01-04,2025-11-22
AP0070,Emeka Adeyemi,A006,P011,Applied,2026-01-30,2026-01-14
AP0071,Tariq Nguyen,A012,P010,Withdrawn,2026-03-14,2026-02-05
AP0072,Anjali Tran,A012,P005,Shortlisted,2025-06-23,2025-06-07
AP0073,Tariq Tran,A011,P006,Visa Issued,2026-02-15,2026-01-10
AP0074,Kwame Tran,A009,P010,Enrolled,2025-08-21,2025-07-25
AP0075,Duc Bhandari,A010,P015,Visa Applied,2025-11-11,2025-10-13
AP0076,Tariq Adeyemi,A009,P006,Applied,2026-02-09,2026-02-01
AP0077,Kwame Mensah,A011,P011,Accepted,2025-05-23,2025-04-17
AP0078,Ahmed Fernando,A004,P005,Visa Issued,2025-04-01,2025-03-13
AP0079,Ahmed Ali,A010,P003,Enrolled,2025-11-23,2025-10-20
AP0080,Kavya Bhandari,A004,P013,Visa Applied,2025-12-06,2025-11-09
AP0081,Ahmed Hossain,A011,P004,Visa Applied,2026-05-01,2026-04-03
AP0082,Ahmed Rahman,A012,P002,Offer Received,2025-12-27,2025-12-11
AP0083,Arjun Nguyen,A008,P015,Shortlisted,2026-02-24,2026-02-05
AP0084,Emeka Thapa,A006,P015,Withdrawn,2026-02-24,2026-01-08
AP0085,Kavya Mensah,A007,P015,Enrolled,2025-07-04,2025-05-21
AP0086,Omar Ali,A008,P008,Shortlisted,2026-02-01,2026-01-21
AP0087,Adaeze Mensah,A008,P009,Accepted,2025-10-26,2025-10-12
AP0088,Mai Fernando,A004,P011,Shortlisted,2025-12-07,2025-12-02
AP0089,Minh Hossain,A004,P005,Applied,2026-03-09,2026-02-25
AP0090,Chinedu Le,A007,P015,Offer Received,2025-10-09,2025-09-29
AP0091,Fatima Le,A007,P001,Enrolled,2026-05-05,2026-03-27
AP0092,Thuy Ali,A001,P010,Enrolled,2026-04-23,2026-03-21
AP0093,Omar Le,A009,P008,Visa Applied,2025-11-27,2025-11-05
AP0094,Sandra Le,A008,P011,Lead,2026-02-27,2026-02-06
AP0095,Femi Tran,A012,P015,Lead,2025-05-24,2025-05-05
AP0096,Emeka Sharma,A007,P001,Visa Applied,2025-05-17,2025-04-12
AP0097,Duc Hossain,A008,P009,Shortlisted,2025-09-24,2025-09-11
AP0098,Fatima Khan,A006,P013,Applied,2025-08-20,2025-07-21
AP0099,Nadia Le,A005,P016,Enrolled,2025-04-23,2025-03-10
AP0100,Emeka Patel,A006,P003,Shortlisted,2026-04-27,2026-04-04
AP0101,Priya Sharma,A004,P001,Shortlisted,2026-01-20,2026-01-13
AP0102,Ahmed Hossain,A008,P007,Visa Applied,2025-12-01,2025-10-25
AP0103,Sandra Verma,A003,P004,Visa Applied,2026-04-23,2026-04-03
AP0104,Kwame Nguyen,A010,P010,Lead,2026-01-10,2025-12-20
AP0105,Arjun Tran,A007,P007,Enrolled,2025-05-17,2025-04-08
AP0106,Mai Karki,A002,P010,Visa Applied,2026-03-20,2026-02-14
AP0107,Femi Nguyen,A010,P012,Visa Issued,2025-12-29,2025-11-28
AP0108,Tariq Verma,A002,P011,Offer Received,2025-03-29,2025-03-07
AP0109,Nadia Ali,A002,P012,Offer Received,2026-02-12,2026-01-20
AP0110,Mai Hossain,A007,P009,Shortlisted,2026-02-07,2026-01-10
AP0111,Arjun Owusu,A008,P009,Offer Received,2025-08-29,2025-08-13
AP0112,Nadia Okafor,A005,P008,Enrolled,2026-04-24,2026-03-20
AP0113,Sunita Thapa,A011,P001,Applied,2025-11-25,2025-11-09
AP0114,Linh Ali,A004,P009,Applied,2025-09-05,2025-08-22
AP0115,Kavya Thapa,A012,P001,Enrolled,2025-12-17,2025-11-20
AP0116,Chinedu Karki,A012,P008,Applied,2026-03-10,2026-02-17
AP0117,Layla Ali,A008,P003,Visa Issued,2025-08-23,2025-07-29
AP0118,Thuy Karki,A005,P012,Visa Applied,2025-11-30,2025-10-29
AP0119,Grace Verma,A007,P011,Withdrawn,2025-10-13,2025-08-28
AP0120,Amina Silva,A005,P004,Shortlisted,2026-03-14,2026-03-05
AP0121,Anjali Nguyen,A012,P006,Offer Received,2025-06-22,2025-06-07
AP0122,Huy Ali,A005,P010,Visa Applied,2025-05-12,2025-04-21
AP0123,Kwame Karki,A006,P001,Shortlisted,2026-03-18,2026-02-26
AP0124,Minh Silva,A001,P010,Withdrawn,2026-03-21,2026-02-21
AP0125,Layla Ali,A002,P010,Enrolled,2025-12-02,2025-10-27
AP0126,Amina Gupta,A003,P009,Withdrawn,2025-11-27,2025-10-31
AP0127,Nadia Okafor,A007,P002,Accepted,2025-06-02,2025-05-17
AP0128,Femi Bhandari,A005,P008,Lead,2025-05-17,2025-04-30
AP0129,Adaeze Le,A010,P008,Visa Applied,2026-05-03,2026-04-02
AP0130,Thuy Khan,A008,P014,Applied,2025-08-28,2025-08-04
AP0131,Vikram Patel,A010,P004,Withdrawn,2026-04-25,2026-03-26
AP0132,Layla Adeyemi,A005,P006,Visa Applied,2025-07-21,2025-07-01
AP0133,Emeka Okafor,A003,P015,Lead,2026-03-07,2026-02-16
AP0134,Ibrahim Fernando,A001,P010,Applied,2026-03-15,2026-02-23
AP0135,Chinedu Karki,A005,P007,Visa Issued,2025-10-25,2025-10-04
AP0136,Emeka Karki,A011,P009,Shortlisted,2025-05-17,2025-05-12
AP0137,Priya Rahman,A005,P010,Accepted,2025-10-26,2025-10-11
AP0138,Amina Fernando,A012,P009,Applied,2025-12-05,2025-11-12
AP0139,Ibrahim Khan,A002,P014,Accepted,2026-04-03,2026-03-12
AP0140,Vikram Silva,A001,P001,Shortlisted,2026-04-20,2026-03-27
AP0141,Nadia Silva,A010,P006,Lead,2025-11-12,2025-10-27
AP0142,Layla Khan,A005,P014,Shortlisted,2026-02-07,2026-01-20
AP0143,Chinedu Ali,A006,P011,Applied,2026-02-16,2026-02-07
AP0144,Omar Rahman,A006,P016,Applied,2025-08-22,2025-07-26
AP0145,Thuy Owusu,A001,P011,Offer Received,2025-07-27,2025-07-08
AP0146,Ngozi Tran,A009,P001,Enrolled,2026-03-10,2026-01-31
AP0147,Amina Le,A001,P012,Applied,2026-02-12,2026-01-13
AP0148,Ibrahim Khan,A001,P005,Applied,2025-08-15,2025-07-26
AP0149,Kavya Ali,A002,P008,Lead,2026-03-04,2026-02-27
AP0150,Kwame Owusu,A001,P003,Accepted,2025-07-09,2025-06-24
